<?xml version="1.0" encoding="UTF-8"?>
<project-private xmlns="http://www.netbeans.org/ns/project-private/1">
    <editor-bookmarks xmlns="http://www.netbeans.org/ns/editor-bookmarks/2" lastBookmarkId="0"/>
    <open-files xmlns="http://www.netbeans.org/ns/projectui-open-files/2">
        <group name="programacao_orientada_a_objetos2">
            <file>file:/C:/Faculdade/projeto2/LavaRapido/src/Controller/Helper/LoginHelper.java</file>
            <file>file:/C:/Faculdade/projeto2/LavaRapido/src/Controller/LoginController.java</file>
            <file>file:/C:/Faculdade/projeto2/LavaRapido/src/View/Login.java</file>
        </group>
        <group>
            <file>file:/C:/Users/Magati/Downloads/LavaRapido/LavaRapido/src/Controller/AgendaController.java</file>
            <file>file:/C:/Users/Magati/Downloads/LavaRapido/LavaRapido/src/Controller/Helper/LoginHelper.java</file>
            <file>file:/C:/Users/Magati/Downloads/LavaRapido/LavaRapido/src/View/Agenda.java</file>
            <file>file:/C:/Users/Magati/Downloads/LavaRapido/LavaRapido/src/Model/DAO/Banco.java</file>
            <file>file:/C:/Users/Magati/Downloads/LavaRapido/LavaRapido/src/Controller/Helper/AgendaHelper.java</file>
            <file>file:/C:/Users/Magati/Downloads/LavaRapido/LavaRapido/src/Controller/Helper/IHelper.java</file>
        </group>
    </open-files>
</project-private>
